date,description,category,amount
2026-09-01,Weekly groceries,Groceries,64.80
2026-09-01,Monthly rent,Housing,1200.00
2026-09-02,Train pass,Transport,45.00
2026-09-03,Coffee with a friend,Dining,8.50
2026-09-04,Internet subscription,Utilities,39.99
2026-09-05,Notebook and pens,Shopping,12.75
2026-09-06,Weekend lunch,Dining,28.00
2026-09-07,Fresh vegetables,Groceries,22.40
2026-09-08,Movie ticket,Entertainment,15.00
2026-09-09,Pharmacy essentials,Health,18.60
2026-09-10,Electricity bill,Utilities,72.35
2026-09-11,Returned notebook,Shopping,-6.50
